.index,,
AE2WTLib,https://modrinth.com/mod/pNabrMMw,15.3.3-forge
Applied Energistics 2,https://modrinth.com/mod/XxWD5pD3,15.4.10
Applied Mekanistics,https://modrinth.com/mod/IiATswDj,1.4.3
Architectury,https://modrinth.com/mod/lhGA9TYQ,9.2.14
Brandon's Core,,3.2.1.302
Caelus API,https://modrinth.com/mod/40FYwb4z,3.2.0+1.20.1
Citadel,https://modrinth.com/mod/jJfV67b1,2.6.3
Cloth Config v10 API,https://modrinth.com/mod/9s6osm5g,11.1.136
Clumps,https://modrinth.com/mod/Wnxd13zP,12.0.0.4
Cobbledex,,1.1.0
Cobblemon,https://modrinth.com/mod/MdwFAVRL,1.5.2+1.20.1
Cobblemon Capture XP,,1.5-forge-1.0.1
Cobblemon Fight or Flight,https://modrinth.com/mod/cTdIg5HZ,0.6.2
Cobblemon: Simple TM's,,1.1.2
CobblemonTrainers,https://github.com/davo899/CobblemonTrainers,1.1.11+1.5.2
Cobbreeding,,1.7.4
CodeChicken Lib,https://www.curseforge.com/minecraft/mc-mods/codechicken-lib-1-8,4.4.0.516
Controlling,https://modrinth.com/mod/xv94TkTM,12.0.2
Create,https://modrinth.com/mod/LNytGWDc,6.0.8
Create Crafts & Additions,https://modrinth.com/mod/kU1G12Nn,1.20.1-1.3.3
Create Deco,,2.0.3-1.20.1-forge
Create Enchantment Industry,https://modrinth.com/mod/JWGBpFUP,1.3.3-for-create-6.0.6
Create: Blocks & Bogies,https://www.curseforge.com/projects/1317252,1.0.7
Create: Central Kitchen,https://modrinth.com/mod/btq68HMO,1.4.3b
Create: Cobblemon Tweaks,,0.0.4-1.20.1
Create: Copycats+,https://github.com/copycats-plus/copycats,3.0.4+mc.1.20.1-forge
Create: Steam 'n' Rails,https://modrinth.com/mod/ZzjhlDgM,1.6.15-beta+forge-mc1.20.1
Create: Ultimate Factory,https://www.curseforge.com/members/robinfrt/projects,2.2.2
Curios API,https://modrinth.com/mod/vvuO3ImH,5.14.1+1.20.1
Draconic Evolution,,3.1.2.621
Embeddium,https://modrinth.com/mod/sk9rgfiA,0.3.31+mc1.20.1
EntityCulling,https://modrinth.com/mod/NNAgCjsB,1.9.5
Farmer's Delight,https://modrinth.com/mod/R2OftAxM,1.20.1-1.2.9
Ferrite Core,https://modrinth.com/mod/uXXizFIs,6.0.1
GeckoLib 4,https://modrinth.com/mod/8BmcQJ2H,4.8.2
GuideME,https://modrinth.com/mod/Ck4E7v7R,20.1.14
Hostile Neural Networks,https://www.curseforge.com/projects/552574,5.3.3
Immersive Aircraft,https://www.curseforge.com/minecraft/mc-mods/immersive-aircraft,1.4.0+1.20.1
Iron's Spells 'n Spellbooks,https://modrinth.com/mod/s4OWxYQQ,1.20.1-3.15.0
Jade,https://modrinth.com/mod/nvQzSEkH,11.13.2+forge
Just Enough Items,https://modrinth.com/mod/u6dRKJwZ,15.20.0.129
Just Enough Resources,https://modrinth.com/mod/uEfK2CXF,1.4.0.247
Kotlin for Forge,https://modrinth.com/mod/ordsPcFz,Zsh14XeQ
ME Requester,https://modrinth.com/mod/E6BFl96N,1.20.1-1.1.5
McJtyLib,https://modrinth.com/mod/1Zu0uTEE,1.20-8.0.7
Mekanism,https://modrinth.com/mod/Ce6I4WUE,10.4.16
Mekanism: Generators,https://modrinth.com/mod/OFVYKsAk,10.4.16
ModernFix,https://modrinth.com/mod/nmDcB62a,5.26.2+mc1.20.1
MythsAndLegends,,1.6.1
Oculus,https://modrinth.com/mod/GchcoXML,1.8.0
Placebo,https://www.curseforge.com/projects/283644,8.6.3
Player Animator,https://modrinth.com/mod/gedNE4y2,1.0.2-rc1+1.20
RFToolsBase,https://modrinth.com/mod/hIO8IsD8,1.20-5.0.6
RFToolsBuilder,https://modrinth.com/mod/e0IclJLr,1.20-6.0.8
RFToolsDimensions,http://github.com/McJtyMods/RFToolsDimensions/,1.20-11.0.10
Radical Cobblemon Trainers,,0.12.1-beta
Searchables,https://modrinth.com/mod/fuuu3xnx,1.0.3
Terralith,https://modrinth.com/mod/8oi3bsk5,2.5.4
The Aether,https://modrinth.com/mod/YhmgMVyu,1.20.1-1.5.2-neoforge
The Twilight Forest,https://www.curseforge.com/minecraft/mc-mods/the-twilight-forest,4.3.2508
Twilight Aether,https://github.com/Negodya1/Twilight-Aether,1.20.1-1.0.0
Untranslated Items,https://www.curseforge.com/projects/401770,1.20.1-1.7
VS Eureka Mod,,1.6.1
Valkyrien Skies 2,,2.4.9
Xaero's Minimap,https://modrinth.com/mod/1bokaNcj,25.3.5
Xaero's World Map,https://modrinth.com/mod/NcUtCpym,1.40.6
YUNG's API,https://modrinth.com/mod/Ua7DFN59,1.20-Forge-4.0.6
YUNG's Better Desert Temples,https://modrinth.com/mod/XNlO7sBv,1.20-Forge-3.0.3
YUNG's Better Dungeons,https://modrinth.com/mod/o1C1Dkj5,1.20-Forge-4.0.4
YUNG's Better End Island,https://modrinth.com/mod/2BwBOmBQ,1.20-Forge-2.0.6
YUNG's Better Jungle Temples,https://modrinth.com/mod/z9Ve58Ih,1.20-Forge-2.0.5
YUNG's Better Mineshafts,https://modrinth.com/mod/HjmxVlSr,1.20-Forge-4.0.4
YUNG's Better Nether Fortresses,https://modrinth.com/mod/Z2mXHnxP,1.20-Forge-2.0.6
YUNG's Better Ocean Monuments,https://modrinth.com/mod/3dT9sgt4,1.20-Forge-3.0.4
YUNG's Better Strongholds,https://modrinth.com/mod/kidLKymU,1.20-Forge-4.0.3
YUNG's Better Witch Huts,https://modrinth.com/mod/t5FRdP87,1.20-Forge-3.0.3
YUNG's Bridges,https://modrinth.com/mod/Ht4BfYp6,1.20-Forge-4.0.3
cobblemonrider,https://modrinth.com/mod/ZLu8WiYO,1.2.4